,accuracy,f1_score,loss
facial_recognition,1.0,1.0,0.14567432864740346
voice_verification,1.0,1.0,0.3964600596800203
product_recommendation,0.5227272727272727,0.5195084327437268,1.2072042871343223
